,City,lat,lon,dt,temp,feels_like,pressure,humidity,dew_point,uvi,clouds,visibility,wind_speed,wind_deg,wind_gust
0,shenjiamen,30.9909,125.7057,1657410224,82.44,87.03,1006,69,71.24,3.96,21,10000,5.48,102,5.03
1,mataura,-69.1167,-158.87,1657410225,-4.72,-17.32,966,96,-5.48,0.0,100,1273,18.66,276,27.49
2,busselton,-47.9853,94.1996,1657410227,41.18,31.39,992,68,31.51,0.0,98,10000,22.86,244,25.7
3,anjar,23.0269,69.9427,1657410229,80.47,86.09,1000,85,75.54,0.0,100,10000,14.61,238,23.02
4,ushuaia,-69.8925,-57.4607,1657410230,-32.08,-44.68,998,100,-32.08,0.0,98,6539,4.59,167,4.43
5,cape town,-59.6554,-2.6365,1657410232,27.09,14.49,982,88,24.37,0.0,100,10000,26.06,87,35.77
6,clyde river,68.9264,-82.3301,1657410233,62.28,59.85,1012,35,34.3,0.66,76,10000,5.35,179,7.87
7,wasilla,62.2887,-149.6914,1657410235,57.36,55.71,1011,62,44.47,2.0,100,10000,2.3,248,3.69
8,bredasdorp,-58.8845,20.9222,1657410236,27.75,15.15,996,69,19.9,0.0,100,10000,22.37,267,25.34
9,ushuaia,-84.7844,-63.0845,1657410238,-24.86,-37.46,1001,77,-29.27,0.0,80,10000,16.96,172,23.94
10,bluff,-75.8931,175.0955,1657410240,-18.54,-31.14,985,95,-19.44,0.0,100,10000,22.41,217,38.21
11,rikitea,-32.7728,-137.6749,1657410241,59.2,57.63,1022,60,45.34,1.09,18,10000,14.92,195,14.41
12,atambua,-9.7487,125.2627,1657410243,78.24,79.39,1014,77,70.45,1.52,100,10000,15.3,100,15.5
13,cockburn harbour,21.0607,-72.4896,1657410245,82.44,90.43,1018,82,76.39,0.0,100,10000,20.8,93,23.22
14,kirksville,39.9176,-92.212,1657410247,82.29,85.46,1019,63,68.43,0.49,41,10000,8.9,51,14.23
15,mys shmidta,76.3648,-173.8872,1657410248,33.28,24.57,1005,99,33.03,1.27,100,3207,11.61,75,19.8
16,ushuaia,-79.8711,-43.3466,1657410250,-48.77,-61.37,994,89,-50.53,0.0,9,10000,7.27,231,6.73
17,kapaa,31.147,-160.3935,1657410252,75.4,76.03,1027,72,65.75,9.79,51,10000,16.55,90,16.35
18,fort saint john,56.9976,-122.3164,1657410253,46.98,44.73,1009,95,45.63,0.31,100,10000,4.92,231,16.2
19,uglovka,58.2432,33.6317,1657410255,56.28,55.51,1012,83,51.19,0.0,99,10000,5.7,165,11.5
20,new norfolk,-72.9628,129.9021,1657410257,-40.41,-53.01,1007,100,-40.41,0.0,100,832,6.44,48,7.54
21,bredasdorp,-77.6094,18.6216,1657410258,-68.89,-81.49,1043,100,-68.89,0.0,96,10000,8.21,24,7.81
22,panama city,26.8412,-86.4034,1657410260,84.69,91.63,1017,69,73.38,0.15,57,10000,4.5,230,4.16
23,fairlie,-43.8849,170.403,1657410262,28.18,28.18,1026,83,24.21,1.2,100,10000,2.04,93,3.29
24,lebu,-38.4333,-97.7746,1657410264,52.27,50.4,1024,68,42.04,0.0,13,10000,11.72,163,12.57
25,atuona,3.8704,-134.3315,1657410265,79.66,79.66,1011,79,72.57,4.91,12,10000,13.6,118,15.32
26,mataura,-49.4765,-145.1245,1657410267,45.07,33.8,996,82,39.92,0.24,100,10000,41.81,353,50.11
27,busselton,-69.3185,80.9277,1657410268,-31.61,-44.21,984,58,-40.43,0.0,32,10000,29.51,112,46.68
28,stornoway,58.0526,-7.3537,1657410270,54.97,54.68,1028,96,53.85,0.0,78,10000,14.34,235,21.45
29,barrow,89.3757,-149.2897,1657410271,31.37,20.08,995,96,30.49,1.15,100,474,17.02,160,22.95
30,kodinsk,58.4313,99.7295,1657410273,63.86,62.73,1010,59,49.28,1.17,39,10000,0.92,287,1.74
31,hambantota,2.0024,82.4566,1657410275,82.49,88.9,1009,76,74.16,0.0,91,10000,13.06,248,15.48
32,tasiilaq,61.2274,-34.1256,1657410276,48.2,43.63,1000,96,47.12,0.0,100,10000,10.54,237,12.28
33,port alfred,-37.1097,27.7282,1657410278,69.15,69.62,1010,82,63.43,0.0,1,10000,22.15,314,28.52
34,deputatskiy,69.8341,137.8707,1657410279,58.14,55.81,1009,46,37.49,2.83,50,10000,13.89,178,18.05
35,carnarvon,-22.6945,98.3975,1657410281,67.15,66.52,1022,63,54.16,0.0,100,10000,22.66,127,22.77
36,jamestown,-49.6266,-13.0364,1657410282,38.61,26.01,977,90,35.92,0.0,99,10000,34.2,218,47.36
37,airai,17.9797,139.7688,1657410284,83.66,92.01,1010,77,75.69,6.0,98,10000,14.5,186,14.58
38,laguna,-45.8027,-29.2897,1657410286,44.11,34.97,1020,78,37.71,0.0,30,10000,24.58,256,31.5
39,albany,-82.5938,106.3433,1657410287,-56.34,-68.94,1019,97,-56.79,0.0,100,949,15.03,197,25.19
40,kazalinsk,48.4714,63.0016,1657410289,72.66,71.83,1010,47,51.3,0.0,51,10000,12.86,46,20.38
41,busselton,-83.5413,80.3801,1657410290,-71.27,-83.87,1042,100,-71.27,0.0,100,2234,9.44,204,11.3
42,atuona,-9.6886,-134.991,1657410292,78.57,79.59,1013,74,69.58,3.73,12,10000,16.89,100,18.32
43,mende,44.3757,3.2565,1657410293,56.34,54.77,1023,66,45.14,0.0,0,10000,6.64,23,11.48
44,venustiano carranza,25.0506,-102.9032,1657410295,91.78,88.52,1011,23,48.74,0.95,7,10000,11.86,10,13.69
45,warrington,27.6789,-87.4896,1657410297,85.59,93.67,1017,69,74.25,0.19,54,10000,6.82,229,6.82
46,nikolskoye,53.7764,167.153,1657410298,48.97,43.59,1014,98,48.43,4.91,100,10000,13.94,245,20.94
47,ericeira,39.2508,-11.2082,1657410300,67.98,68.61,1019,88,64.29,0.0,48,10000,12.12,351,15.1
48,entre rios,-20.7851,-64.2318,1657410301,68.16,67.26,1006,55,51.4,0.0,47,10000,3.42,278,2.89
49,samarai,-9.8932,151.3066,1657410303,82.89,87.89,1012,69,71.67,6.14,72,10000,9.08,60,9.53
50,cape town,-65.82,-6.438,1657410305,9.36,-3.24,989,96,8.55,0.0,100,719,8.81,59,13.29
51,puerto escondido,7.7392,-98.7632,1657410306,80.06,83.82,1012,76,71.82,0.35,15,10000,5.19,294,5.44
52,hermanus,-77.885,2.8396,1657410308,-49.65,-62.25,1021,100,-49.65,0.0,92,10000,12.33,29,11.5
53,sahrak,34.3349,64.9599,1657410310,45.1,43.47,1009,34,19.96,0.0,0,10000,3.71,9,3.44
54,mayo,63.8957,-133.9802,1657410311,63.12,62.04,1005,62,49.91,1.93,70,10000,4.72,300,6.46
55,ushuaia,-88.5619,-43.2463,1657410313,-63.24,-75.84,1036,100,-63.24,0.0,100,10000,11.77,116,13.35
56,marfino,45.9256,48.7781,1657410315,76.98,77.25,1008,61,62.51,0.0,1,10000,11.14,55,18.48
57,bredasdorp,-36.9536,20.3716,1657410316,59.95,59.27,1014,77,52.74,0.0,24,10000,20.87,191,20.56
58,klaksvik,72.8583,-2.9045,1657410318,41.49,35.85,1016,90,38.79,0.06,100,10000,9.15,238,10.92
59,barrow,79.2974,-158.3358,1657410320,33.04,29.61,1010,97,32.29,1.8,100,10000,3.71,204,3.8
60,vaini,-58.6285,-175.7824,1657410321,30.47,17.87,983,81,25.93,0.18,100,4741,36.51,189,41.43
61,vaini,-37.5445,-167.5787,1657410323,59.68,59.34,1014,85,55.17,2.16,12,10000,27.65,271,35.95
62,bluff,-62.5754,161.1869,1657410325,32.81,21.79,1002,96,31.82,0.0,100,10000,17.47,278,29.71
63,malanje,-10.5318,16.3314,1657410326,57.97,55.26,1016,38,32.54,0.0,22,10000,2.39,166,2.62
64,hermanus,-59.4876,9.2398,1657410328,23.79,14.95,993,95,22.71,0.0,62,10000,7.85,46,12.15
65,george town,18.9505,-81.7969,1657410330,83.7,91.42,1016,75,74.93,0.0,4,10000,14.14,71,15.1
66,vao,-29.5161,167.83,1657410331,64.53,64.87,1017,89,61.21,1.82,100,7778,9.75,10,8.16
67,westport,-36.9394,165.5013,1657410333,58.73,58.24,1010,84,53.91,1.56,30,10000,26.57,277,30.06
68,mogadishu,0.5361,46.1652,1657410334,76.26,77.31,1013,79,69.28,0.0,21,10000,24.25,193,27.29
69,bathsheba,18.3402,-47.1898,1657410336,79.05,79.05,1021,81,72.72,0.0,99,10000,21.14,69,24.74
70,am timan,10.915,21.2771,1657410338,73.06,73.87,1010,81,66.88,0.0,73,10000,4.09,221,7.65
71,catamarca,-27.802,-65.8621,1657410339,72.05,69.57,1005,13,20.07,0.0,0,10000,13.73,311,30.51
72,tuktoyaktuk,81.3698,-121.4699,1657410341,33.1,26.06,1010,91,30.9,1.81,100,10000,8.21,262,11.12
73,bredasdorp,-55.4932,18.6851,1657410343,28.58,22.71,1001,85,25.11,0.0,99,10000,5.37,315,7.16
74,kawalu,-14.0965,107.407,1657410344,78.78,78.78,1014,61,64.2,0.15,97,10000,21.14,122,23.11
75,dikson,75.3192,76.4122,1657410346,35.55,25.75,1010,92,33.46,0.19,99,10000,16.13,288,24.14
76,barrow,78.1157,-151.6433,1657410347,33.17,27.01,1012,96,32.16,2.24,100,10000,6.85,217,8.48
77,rubtsovsk,51.5203,81.0155,1657410349,60.17,60.06,1008,89,56.91,0.3,60,10000,4.43,74,6.76
78,ushuaia,-63.1114,-60.3292,1657410351,9.39,1.78,994,97,8.78,0.0,92,2087,4.12,158,12.53
79,vao,-23.8385,167.8974,1657410352,76.37,77.32,1015,77,68.63,4.17,58,10000,19.3,33,26.31
80,carnarvon,-24.3548,108.82,1657410354,66.72,66.0,1021,62,53.31,0.05,98,10000,21.39,166,21.03
81,ushuaia,-87.7785,-84.3029,1657410355,-57.62,-70.22,1030,99,-57.77,0.0,100,10000,16.37,148,25.61
82,kodiak,42.8397,-158.5977,1657410357,62.38,62.65,1028,92,60.03,7.39,1,10000,20.09,239,30.8
83,hermanus,-74.6,5.8883,1657410358,-47.6,-60.2,1017,98,-47.9,0.0,97,10000,11.92,73,11.03
84,hobart,-54.5452,144.6326,1657410360,39.22,26.62,1012,89,36.25,0.14,99,10000,36.06,351,56.59
85,mugan,40.2395,48.6926,1657410362,76.26,75.33,1006,37,48.11,0.0,6,10000,1.95,114,2.66
86,praia da vitoria,44.7997,-23.2155,1657410363,64.35,64.0,1027,75,56.26,0.0,70,10000,7.81,24,8.34
87,airai,5.4899,138.6995,1657410365,81.59,87.35,1010,78,74.07,5.47,78,5004,7.34,70,8.05
88,nikolskoye,43.6443,165.639,1657410366,52.45,51.76,1017,93,50.49,7.71,0,10000,11.21,58,14.99
89,avarua,-35.6951,-165.9274,1657410368,63.05,62.91,1017,82,57.47,2.44,12,10000,25.81,271,35.54
90,san pedro,-18.1066,-59.6738,1657410370,77.5,76.98,1010,43,53.28,0.0,7,10000,4.81,12,13.65
91,mar del plata,-43.5497,-50.5287,1657410371,54.64,54.18,1013,93,52.66,0.0,66,10000,22.57,9,33.91
92,yellowknife,70.8992,-108.26,1657410373,74.75,73.47,1011,33,43.77,1.67,7,10000,6.33,85,4.88
93,bengkulu,-13.2677,87.0928,1657410375,78.53,80.08,1013,85,73.63,0.0,64,10000,24.4,110,29.12
94,cayenne,10.0884,-48.0059,1657410376,80.89,84.94,1016,73,71.42,0.0,100,10000,21.47,66,25.17
95,busselton,-53.1261,102.7876,1657410378,31.87,19.27,978,96,30.99,0.0,100,193,26.28,13,33.06
96,qaanaaq,77.0085,-72.3814,1657410380,36.84,30.02,1010,87,33.35,0.82,44,10000,9.4,334,10.49
97,russell,-28.0488,179.633,1657410381,69.44,69.84,1022,80,63.01,4.26,48,10000,11.7,12,11.52
98,grand river south east,-25.8043,83.3969,1657410383,62.35,61.2,1026,62,49.17,0.0,98,10000,14.9,120,14.63
99,sestri levante,43.912,9.2188,1657410384,69.04,68.9,1017,69,58.46,0.0,44,10000,4.5,125,4.21
100,kavieng,3.3014,151.4448,1657410386,84.2,90.57,1010,69,72.93,8.73,28,10000,12.66,110,13.49
101,tomatlan,16.198,-109.9181,1657410387,80.89,86.74,1013,83,75.24,0.47,100,10000,10.58,94,13.29
102,busselton,-82.1462,84.0749,1657410389,-73.46,-86.06,1042,100,-73.46,0.0,100,2389,9.06,193,9.71
103,barrow,75.1539,-161.5251,1657410391,33.35,24.46,1010,99,33.1,2.98,100,244,12.03,141,22.75
104,cape town,-64.5499,0.0174,1657410392,0.95,-6.0,992,100,0.95,0.0,100,3579,3.09,77,2.84
105,atambua,-8.339,127.6867,1657410394,79.63,79.63,1013,66,67.28,2.7,99,10000,18.79,141,19.95
106,lagoa,50.1,-35.8555,1657410396,56.82,56.07,1016,82,51.39,0.0,100,10000,10.0,92,11.12
107,zhangjiakou,42.6731,115.1713,1657410397,70.02,68.5,1005,38,43.27,2.22,10,10000,7.18,210,8.08
108,kontagora,10.9413,4.81,1657410399,76.66,78.06,1013,86,72.16,0.0,94,10000,8.34,206,19.84
109,avera,-22.1623,-154.7225,1657410400,72.09,71.73,1020,58,56.52,4.21,0,10000,12.48,119,12.44
110,mataura,-22.3813,-148.5191,1657410402,72.57,72.3,1020,59,57.43,3.57,27,10000,17.69,124,17.16
111,mataura,-56.8454,-155.233,1657410404,38.5,25.9,955,93,36.66,0.03,100,10000,50.06,8,70.55
112,kapaa,39.055,-166.7121,1657410405,70.95,71.6,1030,82,65.19,6.57,100,10000,8.52,150,9.69
113,atuona,8.7518,-134.3317,1657410407,75.56,76.86,1012,86,71.08,1.56,100,10000,14.67,193,15.17
114,cayenne,12.5444,-42.4159,1657410408,78.82,78.82,1017,79,71.74,0.0,100,10000,20.13,74,25.93
115,te anau,-44.5085,158.318,1657410410,48.42,40.86,1028,67,37.98,0.43,100,10000,23.64,154,25.21
116,belushya guba,78.8347,48.1015,1657410411,36.36,27.03,1010,95,35.06,0.18,100,10000,15.43,295,19.3
117,lebu,-38.8734,-86.3841,1657410413,51.1,49.01,1012,66,40.15,0.0,25,10000,22.88,186,24.76
118,mecca,20.5997,40.0187,1657410415,86.72,83.93,1002,26,47.77,0.0,93,10000,4.54,48,4.79
119,ushuaia,-88.8537,-51.1824,1657410416,-65.9,-78.5,1040,100,-65.9,0.0,100,10000,10.31,116,9.66
120,ushuaia,-72.8933,-30.3265,1657410418,-1.95,-14.55,982,97,-2.52,0.0,100,571,6.33,86,7.16
121,kruisfontein,-53.7207,25.7726,1657410419,31.66,19.06,1007,89,29.12,0.0,79,10000,29.21,326,38.86
122,saint george,28.2597,-51.355,1657410421,77.18,77.94,1027,71,67.05,0.0,42,10000,11.79,104,12.39
123,ribeira grande,26.8638,-37.9617,1657410423,73.81,74.05,1026,67,62.19,0.0,44,10000,16.28,59,17.22
124,kyra,48.8342,111.7876,1657410424,57.79,56.34,1006,65,46.13,1.84,33,10000,5.68,273,10.22
125,ushuaia,-77.7921,-34.006,1657410426,-6.3,-18.9,986,93,-7.65,0.0,100,1062,16.26,34,30.09
126,ushuaia,-82.446,-24.831,1657410428,-18.27,-30.87,996,97,-18.81,0.0,100,2997,12.03,80,19.91
127,eureka,40.7708,-125.6069,1657410429,60.94,60.87,1024,88,57.36,3.76,3,10000,16.71,342,23.22
128,kahului,37.0201,-145.0803,1657410431,67.77,68.09,1031,82,62.08,5.0,99,10000,7.07,11,6.33
129,talnakh,77.9962,88.7311,1657410433,31.28,23.74,1002,98,30.85,0.44,100,3019,8.39,330,9.06
130,punta arenas,-64.7294,-91.3996,1657410434,31.84,19.24,1000,88,29.07,0.0,100,10000,31.76,338,45.12
131,vaini,-40.6839,-178.3614,1657410436,51.87,49.24,1021,53,35.31,1.45,82,10000,18.97,201,19.1
132,busselton,-67.2125,80.6637,1657410438,-16.46,-29.06,975,65,-23.96,0.0,28,10000,11.86,133,19.84
133,yellowknife,73.124,-103.5377,1657410439,32.9,29.07,1014,99,32.65,1.75,100,120,4.05,12,4.09
134,ushuaia,-55.2723,-56.498,1657410441,34.36,24.4,999,70,26.35,0.0,73,4048,15.61,185,16.13
135,port elizabeth,-86.9821,37.8295,1657410442,-65.51,-78.11,1039,100,-65.51,0.0,100,10000,9.28,20,8.79
136,bengkulu,-17.226,92.912,1657410444,75.07,76.08,1017,81,68.85,0.0,100,10000,28.32,122,29.82
137,hambantota,-4.1639,85.8788,1657410446,83.55,91.08,1009,75,74.79,0.0,42,10000,17.9,113,18.75
138,kapaa,21.1817,-168.4899,1657410447,80.11,83.52,1018,73,70.68,11.8,23,10000,15.64,84,16.17
139,kapaa,24.468,-165.6658,1657410449,78.98,78.98,1021,73,69.58,10.79,17,10000,15.57,100,17.78
140,ushuaia,-74.0872,-75.5269,1657410450,-31.32,-43.92,1003,64,-38.6,0.0,0,10000,6.69,124,6.55
141,tasiilaq,89.5541,-37.766,1657410452,31.51,20.86,996,91,29.46,1.09,100,9239,15.28,266,20.22
142,airai,18.5498,148.8865,1657410454,84.25,92.79,1013,75,75.47,8.77,89,10000,11.16,92,11.99
143,agha jari,30.6457,49.8492,1657410455,90.81,87.67,992,24,49.06,0.0,22,10000,1.81,277,2.91
144,east london,-52.2145,43.188,1657410457,32.56,20.5,1017,77,26.83,0.0,81,10000,20.76,284,25.1
145,dondo,-19.4307,34.6065,1657410458,60.03,60.24,1022,96,58.89,0.0,46,10000,3.18,52,5.48
146,kavieng,7.8801,157.3567,1657410460,81.36,86.83,1011,78,73.83,1.99,100,10000,18.39,114,23.73
147,belyy yar,61.2022,85.1015,1657410462,65.1,65.5,1010,89,61.79,0.58,67,10000,4.99,323,16.42
148,turayf,32.076,37.8125,1657410463,72.25,70.83,1004,35,43.11,0.0,2,10000,9.04,271,15.28
149,high level,59.2907,-117.1646,1657410465,72.37,71.33,1003,43,48.65,0.87,93,10000,7.09,290,10.18
150,yellowknife,72.6909,-118.3674,1657410466,51.94,49.95,1010,66,40.96,2.05,31,1328,2.93,175,4.43
151,rennes,48.1201,-1.766,1657410468,63.03,62.56,1027,75,54.99,0.0,0,10000,5.75,10,
152,hermanus,-53.5737,12.0444,1657410469,31.84,19.24,994,99,31.62,0.0,100,81,28.27,25,44.11
153,charlestown,16.5025,-62.6877,1657410471,81.32,88.03,1017,84,76.01,0.0,88,10000,21.18,70,24.92
154,bredasdorp,-65.2292,21.4484,1657410473,-18.89,-31.49,989,100,-18.89,0.0,100,6171,7.02,263,9.06
155,illoqqortoormiut,71.4429,-29.6724,1657410474,19.15,6.55,1012,66,10.69,0.19,0,10000,13.15,274,14.52
156,pacific grove,26.8724,-135.7089,1657410476,70.75,71.1,1023,76,62.82,3.8,77,10000,16.51,63,19.35
157,santa cruz de la palma,30.1339,-17.447,1657410477,70.95,71.92,1017,89,67.55,0.0,10,10000,18.66,9,26.37
158,rikitea,-44.8261,-139.8431,1657410479,47.21,39.43,1017,64,35.67,0.41,68,10000,22.64,331,26.04
159,avarua,-20.2795,-160.9986,1657410481,75.09,75.51,1019,68,63.82,5.6,53,10000,21.43,110,20.49
160,hilo,12.7166,-143.1673,1657410482,77.85,78.67,1014,71,67.69,7.31,56,10000,18.57,60,19.08
161,puerto escondido,7.8682,-101.0534,1657410484,79.5,79.5,1012,78,72.03,0.42,63,10000,5.82,194,5.28
162,punta arenas,-81.3876,-107.72,1657410486,-20.13,-32.73,994,100,-20.13,0.0,100,1043,12.5,29,15.88
163,trinidad,-15.6598,-65.1096,1657410487,77.23,76.87,1011,47,55.45,0.0,11,10000,4.14,354,22.19
164,jamestown,-23.8064,-19.8571,1657410489,68.45,68.05,1029,65,56.23,0.0,100,10000,16.02,94,16.69
165,kirovo-chepetsk,58.4923,50.2119,1657410490,58.91,58.87,1016,93,56.89,0.0,98,10000,2.84,136,2.73
166,galle,3.6616,78.8527,1657410492,82.36,89.15,1009,78,74.8,0.0,65,10000,16.44,279,19.55
167,nguiu,-11.6539,131.5907,1657410494,71.71,71.26,1015,57,55.67,2.96,95,10000,20.96,119,23.06
168,reconquista,-28.836,-61.9957,1657410495,80.98,80.83,1001,42,55.74,0.0,0,10000,18.03,16,39.82
169,khatanga,81.0192,108.1034,1657410497,32.2,26.15,999,95,31.06,1.42,100,10000,6.42,255,9.46
170,eskasem,37.3361,72.8157,1657410498,33.78,28.65,1013,39,13.69,0.0,0,10000,5.61,282,5.59
171,kyshtovka,57.7522,76.9528,1657410500,64.99,64.72,1013,75,56.89,0.27,92,10000,1.52,334,1.7
172,barrow,89.8919,-166.9227,1657410502,31.35,20.79,995,95,30.24,1.09,100,674,14.94,135,20.42
173,ushuaia,-71.2736,-38.1781,1657410503,-16.31,-28.91,984,96,-17.03,0.0,100,1092,17.83,187,26.87
174,tiksi,82.595,132.0791,1657410505,31.91,22.42,999,92,30.09,1.77,100,10000,12.57,222,17.96
175,saint-philippe,-51.8527,64.7257,1657410506,34.2,21.6,984,88,31.14,0.0,100,6217,41.38,230,54.51
176,cape town,-63.95,-16.595,1657410508,14.5,9.12,986,95,13.46,0.0,100,10000,3.22,204,3.22
177,tuktoyaktuk,77.6137,-124.597,1657410510,33.62,26.6,1009,97,32.86,2.36,89,8261,8.37,349,11.65
178,illoqqortoormiut,89.5774,-26.6927,1657410511,31.5,20.84,996,91,29.44,1.09,100,5347,15.3,275,20.13
179,bethel,46.5661,-172.0362,1657410513,51.39,50.92,1021,100,51.39,1.38,100,141,5.93,254,7.23
180,rikitea,-46.758,-126.7275,1657410514,44.87,36.54,1014,60,31.87,0.14,25,10000,21.61,219,21.54
181,ruteng,-7.5421,119.7717,1657410516,81.97,86.81,1011,72,72.05,1.6,9,10000,9.31,102,10.0
182,nur,37.5775,51.9989,1657410518,76.42,77.11,1006,71,66.33,0.0,0,10000,2.13,42,2.19
183,san ciro de acosta,21.6467,-99.7365,1657410519,77.61,77.43,1015,50,57.52,0.66,18,10000,15.61,82,18.41
184,bredasdorp,-55.3304,17.532,1657410521,29.23,22.53,1000,84,25.48,0.0,97,10000,6.49,332,9.6
185,san cristobal,-2.607,-88.3967,1657410522,70.14,70.81,1014,84,65.08,0.0,94,10000,14.16,157,15.23
186,kodiak,48.5631,-153.5063,1657410524,53.64,53.11,1010,94,51.96,0.95,100,10000,40.85,251,57.04
187,denpasar,-9.143,114.967,1657410526,80.64,85.44,1012,79,73.51,0.88,95,10000,17.29,111,19.13
188,thompson,59.1456,-94.5857,1657410527,48.54,42.42,1009,73,40.3,0.77,84,10000,16.53,114,22.86
189,qaanaaq,79.7095,-89.8002,1657410529,36.16,31.82,1010,88,32.95,0.96,99,5535,5.17,227,6.11
190,samusu,-2.2383,-163.0098,1657410530,80.69,86.09,1010,82,74.68,9.88,11,10000,19.35,115,25.34
191,mataura,-69.0484,-154.3803,1657410532,-6.95,-19.55,966,98,-7.33,0.0,100,1993,20.4,302,31.18
192,zlobin,52.934,30.3451,1657410534,56.95,56.66,1010,92,54.64,0.0,92,10000,5.26,327,6.02
193,husavik,76.1602,-9.9927,1657410535,34.57,23.16,1012,90,31.96,0.12,73,10000,20.74,205,24.38
194,lesnikovo,55.0878,65.5714,1657410537,66.9,66.58,1015,70,56.8,0.03,99,10000,1.86,1,2.13
195,lompoc,23.9781,-126.806,1657410538,68.85,69.71,1019,91,66.11,4.21,76,10000,18.92,64,23.53
196,atuona,-14.0882,-138.0143,1657410540,77.47,78.26,1014,71,67.33,3.53,46,10000,9.86,87,10.42
197,taolanaro,-63.5361,59.6046,1657410542,1.47,-9.45,980,96,0.7,0.0,100,155,5.48,12,8.37
198,salalah,17.2106,55.7678,1657410543,77.41,79.0,998,88,73.58,0.0,99,10000,36.1,212,48.09
199,hilo,18.5226,-136.8826,1657410545,73.67,74.17,1016,73,64.49,6.0,42,10000,18.57,47,19.71
200,taolanaro,-88.5554,64.7362,1657410546,-78.14,-90.74,1052,100,-78.14,0.0,100,10000,5.21,322,5.1
201,chepareria,1.3442,35.6426,1657410548,68.74,69.4,1015,87,64.71,0.0,100,10000,1.23,164,3.94
202,lagoa,44.4147,-31.3141,1657410550,66.67,67.08,1026,86,62.35,0.0,100,10000,17.87,201,21.85
203,magan,62.068,129.6162,1657410551,60.73,60.35,1002,82,55.2,0.39,20,10000,8.99,30,0.0
204,illoqqortoormiut,89.6794,-10.018,1657410553,31.42,20.75,996,94,30.07,1.09,100,1528,15.26,290,20.67
205,beloha,-29.3138,39.8527,1657410555,71.04,71.22,1026,72,61.57,0.0,0,10000,20.47,39,21.88
206,ghauspur,28.0929,69.2106,1657410556,90.97,102.67,996,61,75.65,0.0,90,10000,7.99,194,8.19
207,rikitea,-39.8349,-129.1752,1657410558,51.57,49.77,1018,71,42.49,0.34,95,10000,11.81,191,11.65
208,carnarvon,-25.1242,89.5113,1657410560,64.76,63.43,1025,53,47.25,0.0,60,10000,18.79,112,17.85
209,butaritari,24.8265,170.4689,1657410561,82.13,86.23,1017,68,70.52,11.84,52,10000,8.75,148,9.19
210,port hedland,-16.6863,117.296,1657410563,74.93,74.43,1016,49,54.5,0.81,68,10000,14.36,100,15.17
211,cosenza,39.1727,16.3166,1657410565,61.47,60.31,1016,64,49.19,0.0,3,10000,5.95,64,6.33
212,hobart,-43.8842,157.0942,1657410566,49.03,41.88,1029,65,37.8,0.42,99,10000,22.46,149,24.25
213,tuatapere,-45.939,165.9585,1657410568,47.86,38.07,1021,68,37.83,0.99,2,10000,38.41,145,42.03
214,mar del plata,-54.8564,-44.6182,1657410569,34.93,22.33,989,79,29.44,0.0,100,10000,41.94,269,54.54
215,albany,-64.0887,124.4567,1657410571,32.59,19.99,949,97,31.86,0.0,100,52,26.96,10,45.63
216,mataura,-88.3178,-143.711,1657410572,-67.41,-80.01,1039,100,-67.41,0.0,100,10000,12.71,155,14.79
217,komsomolsk,55.7053,88.0159,1657410574,61.45,60.82,1011,75,53.46,0.58,29,10000,1.77,114,2.93
218,zabol,31.314,60.3232,1657410576,79.3,79.3,998,16,29.59,0.0,4,10000,13.42,340,20.38
219,krasnoselkup,65.8382,83.2372,1657410577,54.64,53.19,1011,72,45.81,0.51,93,10000,17.78,331,22.35
220,bethel,50.634,-162.2554,1657410579,49.91,43.83,1014,93,47.97,3.08,97,10000,18.23,290,22.93
221,hofn,67.1258,-13.2607,1657410580,44.06,35.1,1011,98,43.54,0.0,85,8325,23.49,146,36.17
222,albany,-87.9595,106.8517,1657410582,-70.83,-83.43,1043,100,-70.83,0.0,100,10000,10.2,187,10.07
223,cape town,-53.0557,-2.4669,1657410584,33.6,23.2,975,99,33.35,0.0,100,10000,16.28,343,25.72
224,jamestown,-17.4795,-4.3948,1657410585,66.47,65.82,1023,64,53.94,0.0,100,10000,27.85,110,31.59
225,souillac,-23.3418,58.9162,1657410587,68.74,68.41,1027,66,56.93,0.0,55,10000,24.83,121,24.54
226,vaini,-52.2619,-173.1953,1657410588,33.94,21.34,983,61,23.07,0.33,100,10000,46.28,228,50.15
227,rudnaya pristan,43.9089,136.0516,1657410590,63.59,63.88,1009,90,60.6,3.32,76,10000,8.01,22,8.77
228,kapaa,13.6965,-171.9958,1657410592,80.69,86.09,1014,82,74.68,12.54,14,10000,20.58,82,24.58
229,puerto ayora,1.0672,-91.8733,1657410593,73.67,74.64,1013,83,68.18,0.0,82,10000,12.68,198,11.59
230,isangel,-16.2694,176.3314,1657410595,79.79,79.79,1014,80,73.08,7.54,94,10000,18.7,104,20.15
231,ribeira grande,34.6,-34.4082,1657410596,70.48,70.38,1029,67,59.02,0.0,36,10000,10.58,39,10.45
232,mataura,-54.7409,-153.9153,1657410598,41.05,28.45,963,93,39.18,0.06,100,10000,42.66,7,58.59
233,tuktoyaktuk,83.507,-124.6065,1657410600,32.81,24.1,1007,88,29.93,1.79,98,10000,11.34,232,19.26
234,punta arenas,-82.6047,-121.251,1657410602,-2.67,-15.27,980,81,-6.61,0.0,100,10000,17.2,61,27.2
235,georgetown,-5.8036,-10.7961,1657410603,76.37,77.14,1016,73,67.08,0.0,2,10000,19.64,131,19.53
236,bilibino,68.5254,167.0617,1657410605,43.95,41.56,1010,91,41.5,0.25,100,10000,4.41,288,5.23
237,pacific grove,29.9834,-130.8889,1657410607,68.63,69.01,1025,81,62.56,4.92,1,10000,11.41,52,12.84
238,lebu,-34.6785,-97.8321,1657410608,58.55,58.01,1023,83,53.4,0.0,56,10000,18.59,177,24.11
239,lemesos,32.9037,33.0166,1657410610,79.11,79.11,1005,76,70.9,0.0,0,10000,17.67,285,19.35
240,punta arenas,-77.5424,-98.5376,1657410612,-8.93,-21.53,993,97,-9.49,0.0,100,1434,8.81,94,10.49
241,arraial do cabo,-31.3464,-31.7906,1657410613,61.65,60.98,1031,74,53.29,0.0,81,10000,12.8,124,12.48
242,mino,35.7524,136.8053,1657410615,69.13,70.39,1008,99,68.85,0.95,100,2405,1.95,117,2.84
243,gilbues,-9.7012,-45.4329,1657410617,69.91,68.25,1016,35,41.04,0.0,7,10000,5.88,117,11.05
244,senanga,-16.0866,22.2448,1657410618,53.2,50.49,1019,48,34.05,0.0,1,10000,4.68,108,4.79
245,aklavik,70.4753,-140.9081,1657410620,30.34,26.74,1012,99,30.13,2.04,100,963,3.51,15,3.49
246,hamilton,25.6649,-62.1479,1657410621,79.86,79.86,1024,75,71.22,0.0,98,10000,15.03,114,15.23
247,adrar,27.9475,2.0475,1657410623,89.89,86.34,1011,21,44.76,0.0,9,10000,21.03,27,32.61
248,punta arenas,-69.4052,-115.5735,1657410625,13.23,3.76,973,98,12.81,0.0,100,6616,6.11,257,5.99
249,sergeyevka,54.3387,66.9446,1657410626,65.8,65.46,1015,72,56.53,0.04,100,10000,5.61,57,6.62
250,saint george,35.8477,-57.0332,1657410628,76.23,77.74,1021,89,72.75,0.0,100,10000,24.81,237,34.09
251,luderitz,-27.5708,13.6397,1657410630,59.77,58.93,1022,74,51.48,0.0,67,10000,26.26,201,28.61
252,chumikan,53.8888,135.6156,1657410631,63.34,63.88,1005,96,62.19,0.61,99,8624,0.67,23,1.48
253,nova lima,-20.0796,-43.8283,1657410633,63.97,63.3,1024,69,53.6,0.0,13,10000,4.23,82,7.61
254,saint pete beach,26.4508,-85.1114,1657410634,84.85,89.6,1018,62,70.38,0.13,58,10000,0.54,252,0.92
255,koygorodok,59.9961,50.4224,1657410636,59.49,59.59,1016,95,58.05,0.0,72,10000,2.06,136,2.28
256,tuktoyaktuk,83.1823,-141.1353,1657410638,32.38,23.2,1007,87,29.3,1.7,65,10000,12.15,254,17.09
257,sibolga,-3.6688,91.5223,1657410639,83.86,90.48,1010,71,73.45,0.0,35,10000,19.06,136,21.32
258,pilar,10.3549,128.1411,1657410641,83.26,91.35,1008,78,75.69,3.06,99,8997,13.91,244,14.56
259,albany,-77.4447,104.1147,1657410642,-88.2,-100.8,1054,100,-88.2,0.0,100,10000,7.38,187,7.11
260,provideniya,52.7711,-176.9528,1657410644,48.49,44.53,1020,87,44.8,5.8,56,10000,8.99,196,9.69
261,margate,-36.9454,35.9419,1657410646,65.05,65.53,1020,91,62.37,0.0,15,10000,28.66,360,39.53
262,mataura,-55.418,-154.3294,1657410647,40.15,27.55,960,93,38.3,0.07,100,10000,45.57,7,64.11
263,meulaboh,-1.8503,91.7836,1657410649,83.84,91.44,1009,74,74.66,0.0,81,10000,18.25,144,19.8
264,norman wells,69.8964,-119.3295,1657410651,38.25,33.62,1010,84,33.85,2.49,3,10000,6.06,97,6.13
265,grindavik,51.5308,-25.3282,1657410652,59.38,59.25,1023,90,56.44,0.0,100,10000,24.49,186,35.99
266,punta arenas,-50.9245,-73.3223,1657410654,14.7,7.34,1016,97,14.09,0.0,94,4957,4.54,65,4.94
267,villarrica,-39.3123,-71.1238,1657410655,27.23,20.01,1008,72,20.3,0.0,100,10000,6.67,312,11.41
268,cape town,-80.976,-13.8721,1657410657,-19.37,-31.97,997,94,-20.45,0.0,100,6286,9.69,55,12.41
269,atuona,-11.3589,-127.0937,1657410659,76.77,77.61,1014,74,67.86,2.34,6,10000,17.47,103,18.05
270,hilo,16.2214,-142.2391,1657410660,76.39,77.31,1015,76,68.27,6.97,84,10000,21.27,69,21.92
271,santiago,-14.6205,-76.0296,1657410662,59.68,59.45,1016,87,55.81,0.0,78,10000,19.04,143,25.5
272,sao filipe,13.4388,-27.1447,1657410664,76.64,77.72,1015,79,69.64,0.0,100,10000,10.94,43,9.44
273,thompson,68.9122,-96.8462,1657410665,78.73,78.73,1010,25,39.99,1.17,93,10000,7.54,94,5.08
274,kuche,42.7227,83.6772,1657410667,42.93,42.93,1013,82,37.81,0.3,77,10000,2.73,333,3.15
275,ribeira grande,39.8655,-40.5937,1657410669,72.72,73.87,1025,89,69.28,0.0,74,10000,19.26,214,24.56
276,atuona,9.3545,-136.0546,1657410670,79.41,79.41,1012,76,71.19,5.33,85,10000,12.03,46,12.48
277,mandurah,-32.52,114.8111,1657410672,61.54,60.06,1017,57,46.18,0.13,47,10000,26.6,234,26.93
278,svarstad,61.8128,11.4356,1657410674,43.84,37.15,1016,82,38.71,0.0,93,10000,13.69,322,31.23
279,hobart,-86.4688,132.6805,1657410675,-48.05,-60.65,1013,84,-50.69,0.0,100,10000,14.9,160,26.08
280,rikitea,-69.4026,-117.9445,1657410677,10.98,1.51,973,97,10.36,0.0,100,10000,5.73,264,5.7
281,sahrak,34.9297,63.4523,1657410678,67.46,65.26,1006,29,34.12,0.0,0,10000,2.26,228,2.33
282,ushuaia,-71.3936,-30.7836,1657410680,0.14,-11.02,980,97,-0.44,0.0,100,1319,5.48,116,5.28
283,niquelandia,-14.4422,-48.5522,1657410682,70.38,69.08,1018,42,46.22,0.0,7,10000,4.52,115,6.08
284,chimbote,-9.4862,-79.3513,1657410683,61.68,61.41,1015,82,56.14,0.0,26,10000,15.32,165,16.55
285,mangrol,19.6091,68.6071,1657410685,82.44,90.43,1002,82,76.39,0.0,99,10000,27.0,243,33.46
286,saint-denis,-16.2247,54.801,1657410686,73.76,73.8,1020,63,60.39,0.0,15,10000,26.6,126,29.37
287,ploufragan,48.378,-2.9409,1657410688,58.69,58.68,1028,94,56.97,0.0,0,10000,5.75,20,
288,jamestown,-55.1332,-16.5695,1657410689,32.18,19.58,976,96,31.26,0.0,100,2844,30.4,193,35.16
289,kavieng,7.728,156.8926,1657410691,80.78,85.41,1011,77,72.9,4.58,100,10000,17.02,102,23.31
290,cape town,-79.4633,-12.6609,1657410693,-16.65,-29.25,995,81,-20.36,0.0,100,10000,14.47,43,22.75
291,torbay,44.4748,-51.8853,1657410694,57.36,56.93,1014,88,53.83,0.0,100,10000,7.54,327,10.13
292,provideniya,48.2362,-176.891,1657410696,50.63,49.71,1020,92,48.4,4.6,100,10000,8.52,135,9.33
293,mataura,-56.6258,-153.8176,1657410698,37.72,25.12,960,93,35.89,0.03,100,10000,49.79,9,70.87
294,caravelas,-20.0431,-28.0988,1657410699,73.15,73.83,1025,78,65.88,0.0,89,10000,24.18,98,25.77
295,barrow,75.6417,-147.7282,1657410701,34.02,34.02,1014,90,31.48,3.56,71,10000,2.04,203,2.13
296,mataura,-53.7873,-141.8957,1657410702,41.79,30.88,995,83,37.02,0.14,100,10000,30.02,336,40.31
297,palotina,-24.4199,-53.8276,1657410704,65.91,65.41,1016,68,55.06,0.0,12,10000,11.27,88,29.93
298,ushuaia,-66.8396,-76.1364,1657410706,21.33,8.73,1002,93,19.81,0.0,99,2074,13.71,262,25.03
299,port-gentil,-4.0955,2.3095,1657410707,72.95,73.62,1016,78,65.7,0.0,99,10000,16.13,142,17.31
300,papillion,41.0262,-96.3491,1657410709,84.36,88.43,1019,61,69.44,0.81,0,10000,5.01,177,5.99
301,chokurdakh,80.5648,154.3824,1657410711,32.45,23.0,1007,89,29.86,2.67,19,10000,12.82,197,21.52
302,nyurba,64.3896,117.4488,1657410712,64.99,63.5,1006,49,45.39,2.01,98,10000,5.77,35,8.48
303,avarua,-16.5637,-160.7716,1657410714,78.49,79.81,1016,80,71.82,6.04,23,10000,24.2,105,26.08
304,wuwei,38.529,104.3655,1657410715,73.76,72.63,1002,38,46.6,1.38,11,10000,12.53,121,16.37
305,port alfred,-88.8484,48.7148,1657410717,-69.45,-82.05,1043,100,-69.45,0.0,99,10000,9.55,25,8.75
306,kapaa,8.3538,-175.8552,1657410719,81.82,88.36,1011,80,75.04,12.32,85,10000,17.76,80,20.76
307,upernavik,80.8858,-50.8339,1657410720,29.35,25.61,1010,98,28.92,0.74,99,3048,3.51,270,5.55
308,saint-pierre,41.0457,-54.3843,1657410722,68.32,68.52,1016,78,61.2,0.0,100,10000,10.0,343,10.51
309,bluff,-72.82,163.3854,1657410723,-44.7,-57.3,1003,61,-52.24,0.0,30,10000,3.44,57,5.46
310,rikitea,-17.3431,-135.2645,1657410725,76.37,77.0,1016,70,65.88,2.76,2,10000,12.17,58,11.86
311,vila velha,-25.4318,-26.3273,1657410727,70.93,70.97,1029,69,60.26,0.0,98,10000,12.41,90,12.95
312,attawapiskat,65.4476,-82.7196,1657410729,33.75,33.75,1016,93,31.95,0.72,26,10000,0.63,76,0.98
313,puerto ayora,-16.6052,-100.3703,1657410730,68.22,68.07,1021,71,58.46,0.0,82,10000,20.76,115,22.68
314,mataura,-89.9372,-167.8645,1657410732,-76.67,-89.27,1052,100,-76.67,0.0,100,10000,7.16,240,6.8
315,nha trang,12.1886,111.5283,1657410733,82.42,89.82,1004,80,75.61,0.59,100,10000,24.07,243,23.73
316,watertown,43.748,-75.4831,1657410735,65.03,64.38,1021,67,53.82,0.1,29,10000,6.2,10,16.89
317,gurupi,-11.263,-49.2386,1657410737,75.38,74.5,1015,40,49.41,0.0,5,10000,5.17,142,8.72
318,amurzet,47.2638,130.9468,1657410738,73.47,73.81,1006,70,63.1,3.65,34,10000,8.23,201,10.69
319,cayenne,8.6931,-43.8791,1657410740,80.8,84.94,1015,74,71.74,0.0,99,10000,15.82,69,18.52
320,naze,28.3346,131.3294,1657410742,82.78,92.3,1006,85,77.81,4.98,0,10000,9.69,288,13.42
321,rikitea,-74.7732,-137.0745,1657410743,19.0,6.4,958,86,15.91,0.0,100,2698,32.77,75,39.39
322,pio ix,-6.6752,-40.7135,1657410745,65.98,65.53,1016,69,55.53,0.0,14,10000,3.62,139,9.13
323,chuy,-48.705,-38.9379,1657410746,45.9,35.38,1011,86,41.95,0.0,100,10000,38.16,305,56.21
324,victoria,-3.5522,50.6208,1657410748,76.19,76.98,1013,74,67.3,0.0,21,10000,20.6,155,23.53
325,margate,-40.9266,42.3579,1657410750,58.01,57.94,1023,94,56.3,0.0,76,10000,24.7,1,35.19
326,bambous virieux,-28.8389,71.0875,1657410751,61.18,59.72,1029,58,46.31,0.0,54,10000,8.95,118,7.78
327,pangkalanbuun,-1.9706,111.0029,1657410753,73.87,75.56,1010,98,73.27,0.84,86,10000,2.19,75,5.93
328,hilo,15.0262,-148.1804,1657410755,77.41,78.57,1015,79,70.39,8.36,67,10000,19.48,72,21.7
329,meyungs,12.1108,132.8689,1657410756,83.57,92.46,1008,79,76.37,4.06,100,10000,16.24,200,17.63
330,horodyshche,50.7916,26.4033,1657410758,52.2,51.49,1014,93,50.23,0.0,19,10000,6.15,302,7.61
331,souillac,-59.156,78.4938,1657410759,23.32,11.46,975,79,18.41,0.0,100,10000,12.82,238,13.4
332,bujumbura,-3.5801,29.2922,1657410761,73.78,73.78,1014,62,59.95,0.0,47,10000,3.27,213,5.79
333,meulaboh,2.062,91.9592,1657410763,82.99,89.78,1009,75,74.25,0.0,100,10000,14.14,182,14.94
334,saldanha,-36.5071,4.2323,1657410764,55.51,54.0,1026,69,45.52,0.0,68,10000,22.75,300,25.01
335,mataura,-61.8062,-156.5425,1657410766,28.83,16.23,963,97,28.18,0.0,100,119,24.16,86,31.79
336,meulaboh,2.5938,94.8029,1657410767,83.88,90.54,1009,71,73.45,0.1,100,10000,9.26,159,10.76
337,punta arenas,-58.3214,-82.976,1657410769,36.05,27.48,1020,67,26.85,0.0,95,10000,13.0,256,13.65
338,kwinana,-31.8933,114.4301,1657410770,61.2,59.74,1018,58,46.33,0.13,48,10000,23.44,238,25.26
339,ambon,-5.1254,128.272,1657410772,80.44,84.87,1012,78,72.95,2.48,100,10000,21.54,136,23.02
340,suraabad,41.8077,50.2008,1657410774,74.79,75.2,1006,69,63.95,0.0,1,10000,5.68,93,5.91
341,miri,5.983,112.8019,1657410775,82.09,88.5,1008,78,74.55,1.29,94,6165,16.13,239,19.53
342,ordu,42.2134,37.9542,1657410777,74.61,75.38,1004,77,66.92,0.0,0,10000,4.21,53,4.23
343,punta arenas,-59.105,-78.2344,1657410778,34.83,23.2,1017,67,25.81,0.0,85,10000,21.88,216,23.78
344,dikson,80.9866,88.1379,1657410780,31.55,25.21,1001,93,29.97,1.26,84,10000,6.64,300,10.22
345,nikolskoye,57.4337,168.3953,1657410782,52.56,51.75,1009,90,49.71,7.0,69,10000,12.44,316,16.96
346,alofi,-20.5921,-170.4236,1657410783,76.12,76.71,1019,70,65.62,6.07,20,10000,21.65,109,20.85
347,sentyabrskiy,42.0862,149.7548,1657410785,60.1,60.37,1013,97,59.25,2.25,100,10000,17.09,121,27.83
348,union,34.8312,-81.4625,1657410787,82.2,88.0,1012,75,73.49,0.11,64,10000,4.38,80,7.7
349,kavieng,11.5943,154.7873,1657410788,83.03,89.85,1012,75,74.28,9.46,59,10000,13.8,108,15.61
350,kaka,38.7271,60.5144,1657410790,78.06,76.66,1005,23,37.29,0.0,0,10000,10.04,42,11.03
351,ushuaia,-89.1982,-32.6912,1657410791,-66.93,-79.53,1041,100,-66.93,0.0,100,10000,10.58,95,9.73
352,sambava,-11.8969,54.2915,1657410793,74.55,75.04,1017,71,64.53,0.0,8,10000,27.51,132,32.28
353,ola,58.8174,151.6886,1657410794,57.38,56.71,1014,83,52.27,6.11,13,10000,8.61,103,11.61
354,barbar,20.9917,33.8187,1657410796,84.96,81.95,1005,19,38.14,0.0,95,10000,10.25,343,18.81
355,basco,21.1904,124.4448,1657410798,83.71,91.13,1008,74,74.53,3.51,88,10000,5.79,160,5.57
356,mikhaylovka,44.3284,72.0713,1657410799,72.37,71.15,1005,39,46.06,0.0,0,10000,5.26,13,5.55
357,albany,-70.3203,116.2502,1657410801,-26.81,-39.41,983,97,-27.33,0.0,100,2719,16.93,125,28.01
358,maputo,-25.476,32.5851,1657410802,62.26,61.61,1021,73,53.51,0.0,85,10000,4.74,5,12.64
359,alice springs,-26.4755,137.2611,1657410804,53.46,50.85,1027,50,35.31,1.78,0,10000,9.91,100,13.62
360,cherskiy,80.1099,160.5155,1657410806,32.27,23.25,1009,89,29.7,2.88,40,10000,11.7,203,19.13
361,umm lajj,23.7552,37.0658,1657410807,84.96,93.76,1002,73,75.33,0.0,12,10000,7.74,306,9.57
362,iqaluit,61.1709,-74.2821,1657410809,47.34,42.66,1009,81,41.81,0.04,100,10000,10.25,83,17.94
363,ushuaia,-86.5915,-58.2374,1657410811,-44.34,-56.94,1016,96,-44.97,0.0,87,10000,19.33,143,30.82
364,bolungarvik,70.1277,-30.1123,1657410812,21.88,11.53,1015,69,14.23,0.16,8,10000,9.44,247,9.13
365,victoria,-5.6082,52.8798,1657410814,75.65,76.48,1013,76,67.55,0.0,7,10000,22.97,147,26.4
366,acapulco,7.342,-103.5788,1657410815,79.36,79.36,1012,79,72.28,0.56,94,10000,9.51,194,9.98
367,cidreira,-46.8868,-28.5835,1657410817,41.86,31.48,1018,76,34.86,0.0,22,10000,27.13,256,35.5
368,hithadhoo,-12.327,69.9105,1657410818,76.93,78.26,1013,84,71.73,0.0,100,9110,25.43,130,28.77
369,east london,-63.6421,51.1097,1657410820,12.02,1.35,979,99,11.82,0.0,80,3219,7.07,60,9.53
370,caluquembe,-13.9065,14.3857,1657410822,53.56,52.11,1017,74,45.5,0.0,7,10000,1.81,64,2.66
371,naica,27.7304,-106.058,1657410823,90.84,87.13,1013,20,44.28,1.11,100,10000,12.28,67,12.48
372,anse-bertrand,16.6331,-61.558,1657410825,80.19,84.92,1018,82,74.19,0.0,72,10000,20.18,78,23.2
373,mataura,-21.8076,-149.3667,1657410826,73.17,72.95,1019,59,57.99,3.71,14,10000,16.44,122,17.0
374,nanortalik,55.0274,-47.4098,1657410828,48.54,44.56,1014,89,45.45,0.0,100,10000,9.06,143,10.2
375,port lincoln,-42.8999,131.5548,1657410829,51.96,51.08,1001,90,49.12,0.04,100,6199,45.14,358,60.8
376,tasiilaq,60.2066,-34.4455,1657410831,48.09,42.58,1001,97,47.28,0.0,98,10000,13.51,274,19.19
377,sentyabrskiy,27.5424,163.4809,1657410833,82.33,87.3,1017,71,71.98,10.86,84,10000,8.63,49,8.66
378,emerald,-25.8601,143.4123,1657410834,52.86,50.11,1025,48,33.73,2.48,0,10000,12.26,142,15.99
379,celestun,22.0734,-93.2892,1657410836,84.04,91.56,1016,73,74.44,0.31,54,10000,9.08,88,9.06
380,karmala,18.4865,75.0705,1657410837,72.03,73.08,1004,88,68.29,0.0,100,10000,16.84,283,32.17
381,central point,42.7516,-122.7059,1657410839,85.87,85.5,1020,41,59.47,3.32,25,10000,9.22,322,9.37
382,kaitangata,-53.3244,172.008,1657410841,43.74,33.19,1011,84,39.24,0.17,100,10000,32.32,223,39.1
383,punta arenas,-76.2334,-108.9126,1657410842,5.49,-7.11,983,96,4.69,0.0,100,140,17.29,73,32.66
384,chokurdakh,77.109,152.2528,1657410844,33.15,24.8,1011,89,30.47,2.5,100,10000,10.74,206,19.6
385,attawapiskat,59.1146,-87.8206,1657410846,34.59,28.85,1013,92,32.5,0.62,5,10000,6.64,52,6.67
386,bengkulu,-7.445,94.3759,1657410847,83.28,87.85,1011,66,70.74,0.0,98,10000,20.47,129,23.06
387,bodden town,19.2964,-80.133,1657410849,83.53,90.72,1017,74,74.37,0.0,71,10000,11.34,72,12.15
388,mataura,-83.2288,-142.0775,1657410851,-11.15,-23.75,976,87,-13.67,0.0,100,10000,17.25,104,31.38
389,talnakh,79.5884,90.3802,1657410852,32.65,26.44,1001,84,28.78,1.15,100,10000,6.78,313,9.33
390,miracema do tocantins,-8.7429,-48.1345,1657410854,77.68,76.89,1014,37,49.37,0.0,6,10000,5.23,129,12.08
391,henties bay,-25.389,3.0292,1657410856,62.85,61.56,1028,58,47.88,0.0,29,10000,21.5,134,23.58
392,busselton,-81.3835,86.4675,1657410857,-72.36,-84.96,1038,100,-72.36,0.0,100,2340,9.98,183,12.66
393,jamestown,-49.0534,-18.0957,1657410859,36.18,23.58,993,77,29.95,0.0,100,10000,47.65,223,57.76
394,upernavik,83.6532,-55.2442,1657410860,32.45,24.37,1010,98,31.96,0.81,100,1561,9.82,244,16.4
395,ulkan,57.333,107.3134,1657410862,55.81,55.13,1008,86,51.69,1.47,92,10000,4.47,319,8.79
396,chipinge,-21.9233,33.834,1657410864,58.8,58.33,1023,84,53.98,0.0,1,10000,4.99,20,11.5
397,ushuaia,-80.1143,-70.1095,1657410865,-58.97,-71.57,999,100,-58.97,0.0,75,10000,3.85,284,3.85
398,midland,32.1454,-101.837,1657410867,101.77,103.51,1013,27,61.52,0.93,51,10000,9.22,85,8.97
399,sinnamary,13.6048,-49.9562,1657410868,79.84,79.84,1017,76,71.6,0.0,81,10000,23.24,75,28.52
400,tiksi,75.5684,129.2954,1657410870,39.4,31.41,1001,88,36.14,1.41,100,10000,13.96,187,18.57
401,busselton,-35.3174,87.6504,1657410872,54.01,52.03,1025,62,41.31,0.0,84,10000,18.5,261,20.69
402,cherskiy,78.8924,157.3154,1657410873,32.27,22.48,1010,92,30.42,2.61,87,10000,13.58,198,21.34
403,rikitea,-14.7074,-129.2834,1657410875,75.87,76.53,1015,72,66.2,2.29,49,10000,17.83,88,18.68
404,hofn,60.7372,-16.156,1657410877,53.89,53.58,1019,98,53.33,0.0,100,10000,21.25,207,31.61
405,carnarvon,-20.8516,98.3933,1657410878,69.19,69.04,1020,69,58.6,0.0,100,10000,23.78,126,24.0
406,ushuaia,-86.5878,-80.0457,1657410880,-38.97,-51.57,1012,83,-41.93,0.0,100,10000,21.68,142,33.64
407,kenai,62.6772,-151.6847,1657410881,56.55,55.81,1011,83,51.46,1.15,99,7102,1.77,197,2.68
408,lake charles,30.7013,-93.0307,1657410883,96.78,109.38,1013,56,78.48,0.42,84,10000,5.46,193,13.49
409,san andres,14.6216,-80.5074,1657410885,81.86,89.2,1013,83,76.19,0.0,94,9185,20.18,71,25.3
410,basco,21.2893,124.0534,1657410886,83.79,91.31,1008,74,74.61,3.51,99,10000,6.35,163,6.38
411,hobart,-63.1537,154.1726,1657410888,32.5,20.03,1000,96,31.55,0.0,100,10000,22.28,306,35.99
412,albany,-65.8441,114.2402,1657410889,-8.1,-20.7,964,97,-8.66,0.0,98,9742,6.4,208,6.53
413,hilo,20.6862,-138.2294,1657410891,72.3,72.81,1018,76,64.31,6.8,63,10000,19.66,54,21.41
414,puerto ayora,-8.3792,-107.026,1657410893,75.11,76.03,1015,79,68.16,0.45,48,10000,19.6,119,23.76
415,sorland,68.4262,9.2893,1657410894,52.21,51.17,1015,86,48.16,0.0,10,10000,4.94,258,5.17
416,hilo,19.738,-146.6759,1657410896,74.93,75.56,1019,73,65.7,7.75,77,10000,20.49,68,22.73
417,garowe,7.8482,48.5902,1657410897,72.63,72.5,1010,62,58.87,0.0,77,10000,30.33,223,43.55
418,ushuaia,-73.2494,-71.5198,1657410899,-36.76,-49.36,1003,72,-42.0,0.0,21,10000,3.76,119,3.51
419,marinette,44.7936,-87.7448,1657410901,74.97,74.52,1022,50,55.09,0.4,0,10000,5.75,120,
420,arraial do cabo,-54.9518,-17.1192,1657410902,32.38,19.78,978,91,30.27,0.0,100,10000,34.18,200,39.66
421,deh rawud,32.7481,65.8865,1657410904,80.4,79.11,998,25,41.4,0.0,1,10000,3.94,232,4.09
422,cravo norte,6.4145,-69.1395,1657410905,77.88,79.18,1013,81,71.58,0.0,52,10000,5.59,356,6.4
423,vaini,-76.0167,-167.9567,1657410907,-6.97,-19.57,968,91,-8.72,0.0,100,7004,20.65,199,32.59
424,albany,-63.7539,104.5673,1657410909,-15.12,-27.72,967,100,-15.12,0.0,100,5633,5.55,116,5.59
425,toliary,-21.8717,39.5502,1657410910,73.69,73.58,1022,60,58.95,0.0,0,10000,7.11,162,6.76
426,victoria,-1.628,62.063,1657410912,80.74,85.15,1010,76,72.46,0.0,68,10000,16.31,166,16.98
427,klaksvik,75.3014,-1.9355,1657410913,42.4,38.1,1015,91,39.97,0.1,89,10000,6.89,242,7.34
428,rikitea,-32.5806,-112.8218,1657410915,64.85,64.42,1028,72,55.62,0.14,46,10000,16.06,343,17.02
429,pevek,85.8033,173.0961,1657410917,32.49,19.99,996,86,29.16,1.57,97,10000,22.32,216,30.78
430,novo aripuana,-5.1143,-59.6967,1657410918,78.1,78.94,1012,71,67.93,0.0,69,10000,1.19,78,1.34
431,hobart,-79.9949,146.8333,1657410920,-60.43,-73.03,1017,99,-60.57,0.0,60,10000,14.65,283,19.66
432,belushya guba,80.6492,56.4531,1657410922,26.87,20.19,1006,96,26.01,0.83,91,10000,5.93,287,7.29
433,nikolskoye,47.7556,169.2338,1657410923,49.77,47.3,1019,93,47.82,7.87,6,10000,6.17,90,6.24
434,nanortalik,52.4764,-45.6603,1657410925,51.42,50.31,1014,86,47.39,0.0,100,10000,8.43,134,10.29
435,rikitea,-79.5785,-125.8234,1657410926,-2.38,-14.98,977,82,-6.11,0.0,100,10000,24.14,36,41.5
436,hobart,-75.4671,139.7984,1657410928,-64.44,-77.04,1031,95,-65.16,0.0,22,10000,14.47,262,25.19
437,karaul,68.0012,83.8385,1657410930,49.93,44.06,1010,76,42.67,0.36,100,10000,17.22,331,22.55
438,te anau,-40.0351,160.4714,1657410931,52.75,50.92,1019,68,42.51,0.56,76,10000,33.4,157,35.9
439,dikson,77.7323,77.5243,1657410933,32.49,21.42,1005,96,31.53,0.31,100,10000,17.36,301,20.71
440,punta arenas,-64.9971,-94.6957,1657410935,31.73,19.13,993,98,31.3,0.0,100,88,34.36,346,51.76
441,herat,35.5222,62.2062,1657410936,69.57,67.35,1005,24,31.32,0.0,0,10000,6.51,15,6.6
442,lebu,-31.4174,-94.2187,1657410938,62.11,62.02,1021,85,57.56,0.0,70,10000,25.61,228,31.38
443,kavaratti,8.7757,62.9701,1657410939,78.85,78.85,1009,85,73.96,0.0,83,10000,22.12,246,30.49
444,ushuaia,-79.4428,-77.96,1657410941,-24.81,-37.41,999,57,-34.2,0.0,33,10000,12.91,219,21.74
445,launceston,-40.2441,147.9641,1657410943,53.62,51.87,1030,68,43.32,0.59,93,10000,7.67,92,12.88
446,ampanihy,-26.0908,42.9967,1657410944,72.72,72.7,1024,64,59.85,0.0,0,10000,23.94,63,26.35
447,tura,63.3427,99.4334,1657410946,62.78,62.42,1004,78,55.83,0.63,100,10000,5.93,206,13.91
448,mataura,-70.708,-152.9809,1657410947,-1.34,-13.94,961,95,-2.31,0.0,100,1497,18.63,303,26.82
449,ambatofinandrahana,-20.5953,46.0403,1657410949,54.43,52.81,1025,69,44.49,0.0,0,10000,10.83,90,24.0
450,iqaluit,59.182,-71.4242,1657410951,46.89,43.21,1009,83,42.01,0.02,100,10000,7.45,202,10.25
451,lebu,-32.1017,-97.9435,1657410952,63.14,63.19,1024,86,58.89,0.0,70,10000,24.11,217,29.51
452,hilo,14.7538,-139.7389,1657410954,77.27,77.85,1014,67,65.46,5.04,69,10000,16.31,72,17.96
453,byron bay,-28.8435,157.4905,1657410955,62.98,61.56,1018,55,46.58,2.99,0,10000,8.72,188,9.48
454,tasiilaq,59.6022,-35.7983,1657410957,47.28,39.04,1004,95,45.93,0.0,98,10000,25.46,293,31.99
455,ilulissat,80.9538,-44.229,1657410959,27.59,20.8,1010,96,26.71,0.7,100,648,6.22,270,9.51
456,barinitas,8.6808,-70.4282,1657410960,90.79,103.39,1016,91,87.78,0.0,91,10000,2.75,335,2.37
457,touros,2.3135,-30.6079,1657410962,79.52,79.52,1015,78,72.05,0.0,10,10000,13.89,122,16.33
458,fare,-13.6571,-148.6392,1657410964,78.19,78.91,1014,68,66.76,5.23,12,10000,14.16,111,14.72
459,qui nhon,14.9825,112.2618,1657410965,83.01,91.65,1002,81,76.57,1.65,99,10000,9.57,188,10.87
460,norman wells,62.8365,-129.7052,1657410967,60.58,58.64,1005,49,41.34,2.68,100,10000,5.03,69,6.91
461,oxilithos,38.6435,24.3487,1657410968,66.99,67.15,1010,80,60.62,0.0,85,10000,29.24,334,33.78
462,busselton,-69.895,97.5222,1657410970,-39.86,-52.46,989,94,-40.85,0.0,100,2035,22.26,137,35.9
463,egvekinot,66.9771,-176.9423,1657410972,52.0,50.7,1003,81,46.36,1.29,100,10000,16.26,189,29.17
464,bethel,62.3437,-162.5073,1657410973,73.45,72.75,1010,48,52.59,3.92,100,10000,11.79,350,11.81
465,stokmarknes,70.4797,13.9262,1657410975,50.14,49.23,1015,93,48.2,0.0,28,10000,9.28,32,9.62
466,gazojak,42.5551,63.311,1657410976,73.02,71.76,1007,37,45.25,0.0,0,10000,8.88,44,13.24
467,manaus,-1.3865,-59.5963,1657410978,73.24,74.88,1013,98,72.64,0.0,76,10000,2.57,48,2.68
468,albany,-62.8641,124.0515,1657410980,31.37,18.77,949,98,30.94,0.0,100,66,32.37,5,48.9
469,rikitea,-65.1382,-127.1537,1657410981,25.11,12.51,977,66,16.43,0.0,94,10000,30.6,261,31.27
470,mataura,-82.9104,-142.1307,1657410983,-3.96,-16.56,973,80,-8.1,0.0,100,10000,19.08,104,29.3
471,rikitea,-57.7803,-119.6805,1657410984,34.59,21.99,987,77,28.58,0.0,100,10000,30.38,252,33.26
472,araouane,19.3284,-2.8691,1657410986,94.23,89.51,1007,10,29.7,0.0,93,10000,4.07,163,7.49
473,hilo,23.2976,-151.8319,1657410988,75.65,76.48,1022,76,67.55,9.4,95,10000,19.6,82,21.72
474,saint-philippe,-41.7485,60.8425,1657410989,50.88,48.4,1022,58,36.66,0.0,77,10000,34.25,238,39.46
475,ushuaia,-84.8118,-61.7263,1657410991,-27.71,-40.31,1002,79,-31.65,0.0,77,10000,16.15,168,21.88
476,bethel,57.6939,-161.8635,1657410992,51.24,50.11,1009,86,47.21,4.9,6,10000,13.31,36,19.95
477,taolanaro,-53.6947,53.2378,1657410994,31.37,18.77,1007,78,26.01,0.0,98,10000,33.71,249,42.05
478,walvis bay,-24.1383,11.7488,1657410996,59.81,59.25,1024,80,53.64,0.0,0,10000,18.5,178,23.0
479,kawalu,-17.1625,106.4476,1657410997,77.0,77.31,1016,62,63.0,0.11,97,10000,20.49,115,21.52
480,atuona,0.508,-121.4453,1657410999,76.96,78.35,1010,85,72.1,2.29,13,10000,14.7,112,24.7
481,tocopilla,-22.154,-71.2948,1657411000,58.48,57.92,1017,83,53.35,0.0,100,10000,12.3,173,12.82
482,harper,-0.5369,-9.1325,1657411002,73.85,74.84,1016,83,68.36,0.0,86,10000,10.67,136,18.07
483,rikitea,-32.1344,-126.8061,1657411004,63.37,63.41,1018,85,58.78,0.12,100,10000,11.5,184,11.21
484,bluff,-76.9632,171.7771,1657411005,-19.16,-31.76,988,100,-19.16,0.0,98,10000,17.34,206,37.42
485,arlit,18.0045,6.456,1657411007,92.5,88.07,1007,12,32.56,0.0,26,10000,5.7,151,7.72
486,cape town,-45.6141,1.0777,1657411008,46.96,37.44,994,91,44.47,0.0,100,10000,33.49,315,49.86
487,monze,-16.3112,27.4984,1657411010,53.76,52.32,1020,74,45.68,0.0,5,10000,4.88,76,15.14
488,fort myers beach,26.4737,-81.888,1657411012,86.41,98.49,1016,75,77.54,0.0,14,10000,1.99,171,5.99
489,dapaong,11.0707,0.1035,1657411013,78.85,78.85,1013,72,69.06,0.0,76,10000,9.89,204,19.8
490,georgetown,-15.1677,-23.2428,1657411015,74.62,74.98,1021,68,63.37,0.0,42,10000,22.55,87,27.13
491,carnarvon,-24.0936,103.7786,1657411016,65.61,64.63,1022,59,50.92,0.0,22,10000,20.92,146,20.8
492,khatanga,75.4097,94.7583,1657411018,33.51,23.67,1005,93,31.75,0.61,96,1454,14.61,278,23.38
493,new norfolk,-75.3571,131.1142,1657411020,-61.76,-74.36,1027,100,-61.76,0.0,59,10000,11.54,277,10.83
494,mar del plata,-70.37,-19.2077,1657411021,5.36,-7.24,982,95,4.35,0.0,100,341,12.3,62,19.28
495,birao,10.3808,22.9843,1657411023,73.51,74.37,1010,81,67.32,0.0,90,10000,3.98,198,4.54
496,airai,7.2597,135.7531,1657411024,83.39,90.39,1010,74,74.23,2.33,99,10000,14.56,174,15.21
497,ushuaia,-79.3709,-37.8318,1657411026,-40.5,-53.1,991,98,-40.83,0.0,87,10000,10.0,181,12.46
498,taolanaro,-44.0347,50.5338,1657411028,40.35,33.03,1028,76,33.4,0.0,99,10000,12.71,242,14.79
499,lithgow,-32.8308,150.4274,1657411029,36.03,36.03,1024,98,35.53,1.0,71,10000,2.55,182,13.6
500,roald,64.3842,4.5268,1657411031,50.97,49.48,1020,79,44.71,0.0,100,10000,16.37,308,17.07
